filename,label
A001BP54.png,A001BP54
A001PC71.png,A001PC71
A002KX152.png,A002KX152
A002XC763.png,A002XC763
A002XY89.png,A002XY89
A003CX196.png,A003CX196
A004OE23.png,A004OE23
A005AX26.png,A005AX26
A006AA10.png,A006AA10
A007AE799.png,A007AE799
A007CH35.png,A007CH35
A007CT163.png,A007CT163
A009XX123.png,A009XX123
A010TB34.png,A010TB34
A011AB39.png,A011AB39
A011YB42.png,A011YB42
A012AA05.png,A012AA05
A012AH716.png,A012AH716
A015YO82.png,A015YO82
A019AX122.png,A019AX122
A020AA06.png,A020AA06
A020AO198.png,A020AO198
A020KE123.png,A020KE123
A020YK134.png,A020YK134
A021HP82.png,A021HP82
A021XH86.png,A021XH86
A025EE73.png,A025EE73
A026EY92.png,A026EY92
A031EK54.png,A031EK54
A032AX790.png,A032AX790
A033AA38.png,A033AA38
A033TP33.png,A033TP33
A035OO199.png,A035OO199
A037XA35.png,A037XA35
A041TE21.png,A041TE21
A042CE174.png,A042CE174
A044CE196.png,A044CE196
A050AA77.png,A050AA77
A053HP61.png,A053HP61
A053XC37.png,A053XC37
A058AE763.png,A058AE763
A059EY92.png,A059EY92
A061AO92.png,A061AO92
A061MA10.png,A061MA10
A062CT750.png,A062CT750
A062TX716.png,A062TX716
A063PO61.png,A063PO61
A063YE750.png,A063YE750
A064KY14.png,A064KY14
A069HO51.png,A069HO51
A071XO161.png,A071XO161
A074AY147.png,A074AY147
A076AE39.png,A076AE39
A078AA10.png,A078AA10
A078YO178.png,A078YO178
A080AA93.png,A080AA93
A080BO197.png,A080BO197
A080TA197.png,A080TA197
A090HB799.png,A090HB799
A090XM44.png,A090XM44
A092EA125.png,A092EA125
A096AA77.png,A096AA77
A096TC150.png,A096TC150
A097BK122.png,A097BK122
A100OH164.png,A100OH164
A102BY51.png,A102BY51
A104HC82.png,A104HC82
A104HX01.png,A104HX01
A105XO35.png,A105XO35
A109TB199.png,A109TB199
A111HB34.png,A111HB34
A114BT92.png,A114BT92
A120AY702.png,A120AY702
A121KO750.png,A121KO750
A121OO51.png,A121OO51
A129XY196.png,A129XY196
A131CE196.png,A131CE196
A132KH21.png,A132KH21
A134XA37.png,A134XA37
A140TB174.png,A140TB174
A144KO41.png,A144KO41
A147EC37.png,A147EC37
A148TC82.png,A148TC82
A150MO99.png,A150MO99
A152YT98.png,A152YT98
A155PA750.png,A155PA750
A159AT134.png,A159AT134
A159OT777.png,A159OT777
A159PA199.png,A159PA199
A160YP82.png,A160YP82
A161PX161.png,A161PX161
A162OA34.png,A162OA34
A164HH29.png,A164HH29
A167KH92.png,A167KH92
A173HO54.png,A173HO54
A174CP763.png,A174CP763
A176AT98.png,A176AT98
A179BT92.png,A179BT92
A179KP82.png,A179KP82
A192OB716.png,A192OB716
A198OO77.png,A198OO77
A201AA95.png,A201AA95
A202AA178.png,A202AA178
A207HP24.png,A207HP24
A212TK134.png,A212TK134
A222BE61.png,A222BE61
A227YA186.png,A227YA186
A229TY35.png,A229TY35
A234AA150.png,A234AA150
A242TY64.png,A242TY64
A246KH21.png,A246KH21
A256OC92.png,A256OC92
A259XA716.png,A259XA716
A265KK92.png,A265KK92
A269AX797.png,A269AX797
A271HX52.png,A271HX52
A278OO92.png,A278OO92
A279CP35.png,A279CP35
A282BK763.png,A282BK763
A286AP35.png,A286AP35
A288EX73.png,A288EX73
A293YO199.png,A293YO199
A297HK92.png,A297HK92
A298MP97.png,A298MP97
A298TX92.png,A298TX92
A301YA134.png,A301YA134
A302TT152.png,A302TT152
A305BX122.png,A305BX122
A306AE82.png,A306AE82
A310CA82.png,A310CA82
A312KC122.png,A312KC122
A316XT750.png,A316XT750
A318AX82.png,A318AX82
A319AT83.png,A319AT83
A324AA77.png,A324AA77
A332AY134.png,A332AY134
A333HK123.png,A333HK123
A335KX777.png,A335KX777
A336EY152.png,A336EY152
A337CA163.png,A337CA163
A339EO159.png,A339EO159
A342AA34.png,A342AA34
A349MP54.png,A349MP54
A357CE73.png,A357CE73
A363YC63.png,A363YC63
A368KA92.png,A368KA92
A369AH122.png,A369AH122
A374AH122.png,A374AH122
A374BH37.png,A374BH37
A377OY73.png,A377OY73
A377XK123.png,A377XK123
A388AA190.png,A388AA190
A393AA64.png,A393AA64
A395XH37.png,A395XH37
A398EC702.png,A398EC702
A400OO77.png,A400OO77
A408KO92.png,A408KO92
A408YE134.png,A408YE134
A409XX123.png,A409XX123
A415TA37.png,A415TA37
A416EX97.png,A416EX97
A418AA37.png,A418AA37
A418TP79.png,A418TP79
A422BB750.png,A422BB750
A423BH198.png,A423BH198
A424HH164.png,A424HH164
A425HE82.png,A425HE82
A425OK82.png,A425OK82
A426HC12.png,A426HC12
A426TX163.png,A426TX163
A433OX21.png,A433OX21
A435OO777.png,A435OO777
A443HB799.png,A443HB799
A443TX164.png,A443TX164
A444BH89.png,A444BH89
A444OX25.png,A444OX25
A444PX35.png,A444PX35
A445HE73.png,A445HE73
A446YP89.png,A446YP89
A447PO76.png,A447PO76
A448PT92.png,A448PT92
A450HC750.png,A450HC750
A455EC702.png,A455EC702
A457HY27.png,A457HY27
A457HY82.png,A457HY82
A457MM50.png,A457MM50
A459BY92.png,A459BY92
A459OX197.png,A459OX197
A461AB122.png,A461AB122
A462XE77.png,A462XE77
A463HE82.png,A463HE82
A465TH152.png,A465TH152
A466TP154.png,A466TP154
A467KB799.png,A467KB799
A469AA97.png,A469AA97
A469CT750.png,A469CT750
A469OO77.png,A469OO77
A470CC161.png,A470CC161
A472CH96.png,A472CH96
A478TE125.png,A478TE125
A481HE82.png,A481HE82
A484OX82.png,A484OX82
A489KE14.png,A489KE14
A490HA34.png,A490HA34
A494HY150.png,A494HY150
A499AA09.png,A499AA09
A500AO123.png,A500AO123
A502YB159.png,A502YB159
A505AA178.png,A505AA178
A505MP71.png,A505MP71
A510BT196.png,A510BT196
A511AT126.png,A511AT126
A512HB92.png,A512HB92
A521CY77.png,A521CY77
A521EB790.png,A521EB790
A523KH92.png,A523KH92
A524PE198.png,A524PE198
A525EO198.png,A525EO198
A525KE97.png,A525KE97
A525TA35.png,A525TA35
A528OA51.png,A528OA51
A529AT777.png,A529AT777
A537YB152.png,A537YB152
A538EO92.png,A538EO92
A541CB82.png,A541CB82
A542OP37.png,A542OP37
A544CP86.png,A544CP86
A547XE196.png,A547XE196
A547XK35.png,A547XK35
A549XK11.png,A549XK11
A555OT164.png,A555OT164
A555YA37.png,A555YA37
A560HC82.png,A560HC82
A560OT161.png,A560OT161
A561EE156.png,A561EE156
A562KC14.png,A562KC14
A564KP86.png,A564KP86
A565YC77.png,A565YC77
A566YA86.png,A566YA86
A576PT92.png,A576PT92
A579HX35.png,A579HX35
A582AE82.png,A582AE82
A582TM13.png,A582TM13
A583HB69.png,A583HB69
A584AA161.png,A584AA161
A591XX12.png,A591XX12
A597PK123.png,A597PK123
A601KT92.png,A601KT92
A602AO98.png,A602AO98
A602KP82.png,A602KP82
A605EA777.png,A605EA777
A610AC797.png,A610AC797
A611PK750.png,A611PK750
A611XH86.png,A611XH86
A619EC93.png,A619EC93
A627EO67.png,A627EO67
A628BO67.png,A628BO67
A628TH21.png,A628TH21
A632EC702.png,A632EC702
A633EX178.png,A633EX178
A634BY39.png,A634BY39
A640EB761.png,A640EB761
A643AT83.png,A643AT83
A645YE38.png,A645YE38
A646XH82.png,A646XH82
A648YA82.png,A648YA82
A650TH198.png,A650TH198
A652BP69.png,A652BP69
A652CY92.png,A652CY92
A655KO122.png,A655KO122
A656MA174.png,A656MA174
A658HB156.png,A658HB156
A660PC77.png,A660PC77
A661BC82.png,A661BC82
A662EK46.png,A662EK46
A664TH163.png,A664TH163
A666HA161.png,A666HA161
A667EP716.png,A667EP716
A669EY51.png,A669EY51
A676AA10.png,A676AA10
A677AE197.png,A677AE197
A677PE37.png,A677PE37
A678KX35.png,A678KX35
A680TP186.png,A680TP186
A692BE27.png,A692BE27
A694HX37.png,A694HX37
A699XH28.png,A699XH28
A700BX92.png,A700BX92
A702PH177.png,A702PH177
A707KE163.png,A707KE163
A711KP193.png,A711KP193
A717XH116.png,A717XH116
A719MP90.png,A719MP90
A719TE198.png,A719TE198
A719TT27.png,A719TT27
A725HH34.png,A725HH34
A726HO198.png,A726HO198
A727AE37.png,A727AE37
A727TB126.png,A727TB126
A729AA150.png,A729AA150
A733AA21.png,A733AA21
A736KX799.png,A736KX799
A746EX92.png,A746EX92
A747PP198.png,A747PP198
A750TX123.png,A750TX123
A756KC799.png,A756KC799
A757MA199.png,A757MA199
A762CC82.png,A762CC82
A767PO82.png,A767PO82
A772BY92.png,A772BY92
A775AH799.png,A775AH799
A777EY71.png,A777EY71
A777OA30.png,A777OA30
A777PA21.png,A777PA21
A781CB37.png,A781CB37
A783HB122.png,A783HB122
A784TB92.png,A784TB92
A787AA61.png,A787AA61
A787YE178.png,A787YE178
A789HB35.png,A789HB35
A791PK69.png,A791PK69
A795KK159.png,A795KK159
A797OT777.png,A797OT777
A798HT763.png,A798HT763
A799AA36.png,A799AA36
A803HK76.png,A803HK76
A823AP122.png,A823AP122
A824BP125.png,A824BP125
A824BT37.png,A824BT37
A824YB152.png,A824YB152
A825TC750.png,A825TC750
A829KX52.png,A829KX52
A829PT152.png,A829PT152
A835HK82.png,A835HK82
A840TH82.png,A840TH82
A843AC81.png,A843AC81
A843HP73.png,A843HP73
A846TK198.png,A846TK198
A849CY716.png,A849CY716
A850CY197.png,A850CY197
A852AP147.png,A852AP147
A862OB21.png,A862OB21
A864KA186.png,A864KA186
A879AP82.png,A879AP82
A879BA790.png,A879BA790
A885AA93.png,A885AA93
A886BP92.png,A886BP92
A888EE123.png,A888EE123
A888EH198.png,A888EH198
A888KB178.png,A888KB178
A888PB92.png,A888PB92
A888PX197.png,A888PX197
A888XO178.png,A888XO178
A888YX64.png,A888YX64
A891KB62.png,A891KB62
A896EB102.png,A896EB102
A900HH164.png,A900HH164
A900HX799.png,A900HX799
A900KH95.png,A900KH95
A911EY138.png,A911EY138
A911OB92.png,A911OB92
A918AB98.png,A918AB98
A918XA35.png,A918XA35
A922PO92.png,A922PO92
A926AA113.png,A926AA113
A926KB60.png,A926KB60
A929KX198.png,A929KX198
A934BK152.png,A934BK152
A935AY92.png,A935AY92
A935EP122.png,A935EP122
A938BE14.png,A938BE14
A939BT198.png,A939BT198
A939XH164.png,A939XH164
A941CC69.png,A941CC69
A942YC763.png,A942YC763
A943AB763.png,A943AB763
A944TB152.png,A944TB152
A945YH190.png,A945YH190
A947TC73.png,A947TC73
A949BH777.png,A949BH777
A963ET156.png,A963ET156
A967CK39.png,A967CK39
A975BC92.png,A975BC92
A978XX35.png,A978XX35
A991KE92.png,A991KE92
A992OX92.png,A992OX92
A996AA61.png,A996AA61
A999AO54.png,A999AO54
A999PA163.png,A999PA163
B001OP69.png,B001OP69
B001OP82.png,B001OP82
B001PM199.png,B001PM199
B001YA39.png,B001YA39
B002EP164.png,B002EP164
B002PX777.png,B002PX777
B003MA102.png,B003MA102
B004AB64.png,B004AB64
B004TH196.png,B004TH196
B005BC152.png,B005BC152
B005BK138.png,B005BK138
B005YK199.png,B005YK199
B007AP134.png,B007AP134
B007BA761.png,B007BA761
B007BB93.png,B007BB93
B007BP102.png,B007BP102
B007KH197.png,B007KH197
B007PE75.png,B007PE75
B008AK136.png,B008AK136
B008OO177.png,B008OO177
B010YP13.png,B010YP13
B011MH102.png,B011MH102
B012TB82.png,B012TB82
B013BP13.png,B013BP13
B014KY198.png,B014KY198
B016OH164.png,B016OH164
B020HE196.png,B020HE196
B022KA48.png,B022KA48
B025BA82.png,B025BA82
B026CA82.png,B026CA82
B032OP32.png,B032OP32
B039AB777.png,B039AB777
B040EH763.png,B040EH763
B050TE31.png,B050TE31
B052EB197.png,B052EB197
B053KO134.png,B053KO134
B058TO198.png,B058TO198
B064XM64.png,B064XM64
B064YA49.png,B064YA49
B065ET27.png,B065ET27
B071TK161.png,B071TK161
B071TO134.png,B071TO134
B071XK71.png,B071XK71
B072EP35.png,B072EP35
B072PB32.png,B072PB32
B075TK164.png,B075TK164
B076TA164.png,B076TA164
B078YB34.png,B078YB34
B082BX93.png,B082BX93
B085HK716.png,B085HK716
B088CC26.png,B088CC26
B088CK154.png,B088CK154
B094PE702.png,B094PE702
B096EO163.png,B096EO163
B099TC799.png,B099TC799
B107CC198.png,B107CC198
B109KY716.png,B109KY716
B111CO177.png,B111CO177
B111PB763.png,B111PB763
B111YP36.png,B111YP36
B116AE147.png,B116AE147
B122KC82.png,B122KC82
B123OA198.png,B123OA198
B124CO163.png,B124CO163
B126YH76.png,B126YH76
B127XY154.png,B127XY154
B132HP196.png,B132HP196
B135BK35.png,B135BK35
B144KB45.png,B144KB45
B146HE89.png,B146HE89
B149AM152.png,B149AM152
B162KH152.png,B162KH152
B171XA178.png,B171XA178
B181AP178.png,B181AP178
B183BT799.png,B183BT799
B185BP05.png,B185BP05
B190EB64.png,B190EB64
B192KB174.png,B192KB174
B195OP21.png,B195OP21
B199TX61.png,B199TX61
B203EY138.png,B203EY138
B213XH82.png,B213XH82
B222KP82.png,B222KP82
B222TE199.png,B222TE199
B223BX193.png,B223BX193
B225XB38.png,B225XB38
B228PP98.png,B228PP98
B230EB178.png,B230EB178
B235ET125.png,B235ET125
B235KK82.png,B235KK82
B240TH98.png,B240TH98
B241EX161.png,B241EX161
B241PX763.png,B241PX763
B242BE152.png,B242BE152
B243YK174.png,B243YK174
B250KY197.png,B250KY197
B253BB98.png,B253BB98
B258BB750.png,B258BB750
B258OH125.png,B258OH125
B259AY50.png,B259AY50
B260PT62.png,B260PT62
B267HO799.png,B267HO799
B271OA164.png,B271OA164
B272AX134.png,B272AX134
B275PC197.png,B275PC197
B276KB116.png,B276KB116
B283AA35.png,B283AA35
B284AO21.png,B284AO21
B284OX763.png,B284OX763
B287CX77.png,B287CX77
B288BB164.png,B288BB164
B296KP198.png,B296KP198
B296OT190.png,B296OT190
B299PT35.png,B299PT35
B300OX154.png,B300OX154
B301PH43.png,B301PH43
B302TH27.png,B302TH27
B312EP57.png,B312EP57
B318KE147.png,B318KE147
B320XT95.png,B320XT95
B322HP164.png,B322HP164
B324KX82.png,B324KX82
B326HX125.png,B326HX125
B327OH125.png,B327OH125
B331OH197.png,B331OH197
B332OO134.png,B332OO134
B333BB02.png,B333BB02
B343TO64.png,B343TO64
B347CA35.png,B347CA35
B348TB82.png,B348TB82
B353CY164.png,B353CY164
B353XY71.png,B353XY71
B357TT89.png,B357TT89
B361HY799.png,B361HY799
B367TY82.png,B367TY82
B372PE750.png,B372PE750
B375TK134.png,B375TK134
B383YK174.png,B383YK174
B384HH53.png,B384HH53
B385KH198.png,B385KH198
B386KP178.png,B386KP178
B391CK178.png,B391CK178
B398KB123.png,B398KB123
B404XK178.png,B404XK178
B411TE716.png,B411TE716
B414BX134.png,B414BX134
B424PE716.png,B424PE716
B424TB77.png,B424TB77
B425YT750.png,B425YT750
B427OK154.png,B427OK154
B428BA01.png,B428BA01
B432HB134.png,B432HB134
B432TH26.png,B432TH26
B440CC72.png,B440CC72
B442HO02.png,B442HO02
B444OO53.png,B444OO53
B448AH152.png,B448AH152
B454PC93.png,B454PC93
B455BP82.png,B455BP82
B456AX35.png,B456AX35
B459TA53.png,B459TA53
B467TK161.png,B467TK161
B467YO177.png,B467YO177
B473ET82.png,B473ET82
B482EB799.png,B482EB799
B497OB82.png,B497OB82
B499XX196.png,B499XX196
B500XK152.png,B500XK152
B503YT750.png,B503YT750
B504OP93.png,B504OP93
B505BE35.png,B505BE35
B505EK14.png,B505EK14
B506OP152.png,B506OP152
B512TO95.png,B512TO95
B516ET124.png,B516ET124
B517YK32.png,B517YK32
B521TT150.png,B521TT150
B522OH62.png,B522OH62
B527TX86.png,B527TX86
B528TC63.png,B528TC63
B533CT174.png,B533CT174
B536HY60.png,B536HY60
B537HA28.png,B537HA28
B537PK77.png,B537PK77
B537YH178.png,B537YH178
B549AO123.png,B549AO123
B552PH05.png,B552PH05
B553OK28.png,B553OK28
B567BB164.png,B567BB164
B570KC763.png,B570KC763
B570PH98.png,B570PH98
B574HA799.png,B574HA799
B580KO197.png,B580KO197
B589PT196.png,B589PT196
B592HE82.png,B592HE82
B596YE15.png,B596YE15
B600HP35.png,B600HP35
B606TT89.png,B606TT89
B611OO82.png,B611OO82
B618BC777.png,B618BC777
B618PC98.png,B618PC98
B623OY40.png,B623OY40
B629TE82.png,B629TE82
B632PE116.png,B632PE116
B636BH34.png,B636BH34
B636XM53.png,B636XM53
B639MY116.png,B639MY116
B641BO58.png,B641BO58
B644HY196.png,B644HY196
B655AA763.png,B655AA763
B660KO23.png,B660KO23
B660XY163.png,B660XY163
B664HT777.png,B664HT777
B666XY57.png,B666XY57
B667OX799.png,B667OX799
B678OE77.png,B678OE77
B680AE147.png,B680AE147
B681OX116.png,B681OX116
B683YH198.png,B683YH198
B684XO28.png,B684XO28
B692AO35.png,B692AO35
B693HP196.png,B693HP196
B700CE22.png,B700CE22
B706EX142.png,B706EX142
B707AO19.png,B707AO19
B707BH50.png,B707BH50
B707TA10.png,B707TA10
B725OO199.png,B725OO199
B727KK164.png,B727KK164
B727OE62.png,B727OE62
B728YT750.png,B728YT750
B730ME28.png,B730ME28
B732TB125.png,B732TB125
B737XP48.png,B737XP48
B751HT124.png,B751HT124
B758YK152.png,B758YK152
B759YM150.png,B759YM150
B761OA50.png,B761OA50
B764EO35.png,B764EO35
B770XY39.png,B770XY39
B772EH21.png,B772EH21
B773PB54.png,B773PB54
B773YE134.png,B773YE134
B774BY152.png,B774BY152
B777BT77.png,B777BT77
B777EB70.png,B777EB70
B777EE39.png,B777EE39
B780HK35.png,B780HK35
B791KA164.png,B791KA164
B796BP196.png,B796BP196
B796KH82.png,B796KH82
B796OY63.png,B796OY63
B797OC123.png,B797OC123
B798KB763.png,B798KB763
B799CY799.png,B799CY799
B804BB124.png,B804BB124
B805HP98.png,B805HP98
B806PC82.png,B806PC82
B808XH199.png,B808XH199
B809KK763.png,B809KK763
B818HM69.png,B818HM69
B819CH198.png,B819CH198
B821TA196.png,B821TA196
B831CO763.png,B831CO763
B834PE702.png,B834PE702
B843OX102.png,B843OX102
B845CK39.png,B845CK39
B853OB82.png,B853OB82
B864AY37.png,B864AY37
B868TT64.png,B868TT64
B873AE37.png,B873AE37
B874AK198.png,B874AK198
B882BB50.png,B882BB50
B887PP73.png,B887PP73
B888BA777.png,B888BA777
B888BB68.png,B888BB68
B888BX71.png,B888BX71
B888OA177.png,B888OA177
B888OO69.png,B888OO69
B888XO46.png,B888XO46
B895BA763.png,B895BA763
B901OX152.png,B901OX152
B903KT52.png,B903KT52
B909AC163.png,B909AC163
B909EC116.png,B909EC116
B909OK35.png,B909OK35
B910TA24.png,B910TA24
B911HA799.png,B911HA799
B912KB777.png,B912KB777
B917YH74.png,B917YH74
B928TO57.png,B928TO57
B931CT178.png,B931CT178
B946YB98.png,B946YB98
B947KB116.png,B947KB116
B950XA196.png,B950XA196
B956TA86.png,B956TA86
B957AE164.png,B957AE164
B958OB763.png,B958OB763
B959CE82.png,B959CE82
B970XE26.png,B970XE26
B971TY154.png,B971TY154
B978OO77.png,B978OO77
B980OO64.png,B980OO64
B983KK763.png,B983KK763
B989BB199.png,B989BB199
B991BY716.png,B991BY716
B997BB99.png,B997BB99
B999AP199.png,B999AP199
B999KX123.png,B999KX123
C001AP77.png,C001AP77
C001KT197.png,C001KT197
C002HK777.png,C002HK777
C002TX163.png,C002TX163
C003EC190.png,C003EC190
C005KP178.png,C005KP178
C006EO178.png,C006EO178
C008HC34.png,C008HC34
C009EP152.png,C009EP152
C020CC26.png,C020CC26
C023OX36.png,C023OX36
C024PT177.png,C024PT177
C029KX55.png,C029KX55
C030CC77.png,C030CC77
C034TT36.png,C034TT36
C038AH125.png,C038AH125
C039AO39.png,C039AO39
C050OK197.png,C050OK197
C052EE61.png,C052EE61
C053KC60.png,C053KC60
C053TA799.png,C053TA799
C061PC77.png,C061PC77
C063EP39.png,C063EP39
C068KX66.png,C068KX66
C071KY77.png,C071KY77
C074EA790.png,C074EA790
C074YC178.png,C074YC178
C078TO199.png,C078TO199
C079TX42.png,C079TX42
C080HC799.png,C080HC799
C093HP67.png,C093HP67
C095TY22.png,C095TY22
C100AE777.png,C100AE777
C104YH96.png,C104YH96
C111MB98.png,C111MB98
C112XB178.png,C112XB178
C118EH42.png,C118EH42
C137HO55.png,C137HO55
C150OO177.png,C150OO177
C157PA77.png,C157PA77
C158AY152.png,C158AY152
C167TO36.png,C167TO36
C172PP97.png,C172PP97
C180YP56.png,C180YP56
C183YE71.png,C183YE71
C192YA70.png,C192YA70
C194AE797.png,C194AE797
C208XK53.png,C208XK53
C209AO150.png,C209AO150
C218AE154.png,C218AE154
C219ET96.png,C219ET96
C219XP174.png,C219XP174
C220CB197.png,C220CB197
C222AT98.png,C222AT98
C222CC99.png,C222CC99
C222PE38.png,C222PE38
C222PK750.png,C222PK750
C222XE178.png,C222XE178
C222YK777.png,C222YK777
C226HE67.png,C226HE67
C233BA190.png,C233BA190
C235OX70.png,C235OX70
C237KA178.png,C237KA178
C239PH71.png,C239PH71
C240AE50.png,C240AE50
C246KA799.png,C246KA799
C251BC750.png,C251BC750
C253PE34.png,C253PE34
C257PE24.png,C257PE24
C258TC34.png,C258TC34
C259AA199.png,C259AA199
C280AH197.png,C280AH197
C285OP750.png,C285OP750
C297HX750.png,C297HX750
C311PA777.png,C311PA777
C313EA142.png,C313EA142
C313KA161.png,C313KA161
C317CC186.png,C317CC186
C324TY38.png,C324TY38
C331XX96.png,C331XX96
C333CX177.png,C333CX177
C333XA93.png,C333XA93
C333XC161.png,C333XC161
C336PA777.png,C336PA777
C353AB02.png,C353AB02
C353CC01.png,C353CC01
C362XH98.png,C362XH98
C363CX62.png,C363CX62
C367BE19.png,C367BE19
C368AO116.png,C368AO116
C370KP19.png,C370KP19
C381XC98.png,C381XC98
C388BO116.png,C388BO116
C389CT36.png,C389CT36
C393BK102.png,C393BK102
C393CC77.png,C393CC77
C396HB30.png,C396HB30
C423AA31.png,C423AA31
C433AB186.png,C433AB186
C452PX102.png,C452PX102
C455BC138.png,C455BC138
C460OA72.png,C460OA72
C466EX190.png,C466EX190
C475AB790.png,C475AB790
C478BC163.png,C478BC163
C480CT154.png,C480CT154
C483PA777.png,C483PA777
C484AT797.png,C484AT797
C494BO39.png,C494BO39
C494PX98.png,C494PX98
C496OO76.png,C496OO76
C499BX150.png,C499BX150
C499KA39.png,C499KA39
C512CC190.png,C512CC190
C525YO76.png,C525YO76
C532XK750.png,C532XK750
C532YT178.png,C532YT178
C538TB163.png,C538TB163
C550XA178.png,C550XA178
C555AH178.png,C555AH178
C558OB163.png,C558OB163
C570CC98.png,C570CC98
C576BK750.png,C576BK750
C584HA23.png,C584HA23
C585KK01.png,C585KK01
C586TO48.png,C586TO48
C590XK97.png,C590XK97
C598XE93.png,C598XE93
C601TA197.png,C601TA197
C604EP60.png,C604EP60
C605HT34.png,C605HT34
C608AH797.png,C608AH797
C610EX750.png,C610EX750
C613KC142.png,C613KC142
C639XP34.png,C639XP34
C644CK64.png,C644CK64
C655TH63.png,C655TH63
C668CO750.png,C668CO750
C669XT154.png,C669XT154
C670AX96.png,C670AX96
C675AP39.png,C675AP39
C684OH163.png,C684OH163
C687EY19.png,C687EY19
C691BA59.png,C691BA59
C695BA142.png,C695BA142
C700CC95.png,C700CC95
C702OC34.png,C702OC34
C705HE125.png,C705HE125
C706AC777.png,C706AC777
C706HE66.png,C706HE66
C709CC97.png,C709CC97
C712PT161.png,C712PT161
C714KP777.png,C714KP777
C721KP04.png,C721KP04
C727AE90.png,C727AE90
C741AP39.png,C741AP39
C741PH174.png,C741PH174
C751KK33.png,C751KK33
C753PA777.png,C753PA777
C754TX86.png,C754TX86
C756OE69.png,C756OE69
C757EY45.png,C757EY45
C777PT78.png,C777PT78
C777XE78.png,C777XE78
C783TT22.png,C783TT22
C784CY62.png,C784CY62
C789PP33.png,C789PP33
C794AA152.png,C794AA152
C795KY48.png,C795KY48
C795OK72.png,C795OK72
C799EC799.png,C799EC799
C802TB47.png,C802TB47
C810PC53.png,C810PC53
C811CY190.png,C811CY190
C818PC15.png,C818PC15
C824CX163.png,C824CX163
C856HY750.png,C856HY750
C888EK70.png,C888EK70
C900CC77.png,C900CC77
C900EE47.png,C900EE47
C902OC750.png,C902OC750
C905XH177.png,C905XH177
C905YA125.png,C905YA125
C914KY60.png,C914KY60
C921AP761.png,C921AP761
C924PA777.png,C924PA777
C932CP154.png,C932CP154
C933HC67.png,C933HC67
C940KB750.png,C940KB750
C942XY174.png,C942XY174
C944YE47.png,C944YE47
C945OB53.png,C945OB53
C945YT750.png,C945YT750
C951TC16.png,C951TC16
C959AY163.png,C959AY163
C961AO04.png,C961AO04
C967CC61.png,C967CC61
C973AA56.png,C973AA56
C975YC777.png,C975YC777
C976TO22.png,C976TO22
C989CC95.png,C989CC95
C995XX77.png,C995XX77
C999CC77.png,C999CC77
E001TH82.png,E001TH82
E002OO66.png,E002OO66
E003HT37.png,E003HT37
E006YY190.png,E006YY190
E008OO54.png,E008OO54
E009TO42.png,E009TO42
E009XC777.png,E009XC777
E011YY28.png,E011YY28
E015XY55.png,E015XY55
E018EY29.png,E018EY29
E021YB102.png,E021YB102
E025XT32.png,E025XT32
E026KP197.png,E026KP197
E037OX05.png,E037OX05
E041TX75.png,E041TX75
E046CY161.png,E046CY161
E050EO198.png,E050EO198
E050OX799.png,E050OX799
E051TH82.png,E051TH82
E070KX08.png,E070KX08
E079BB164.png,E079BB164
E082EH82.png,E082EH82
E082YA190.png,E082YA190
E090BK161.png,E090BK161
E090TY46.png,E090TY46
E101AA123.png,E101AA123
E102CH134.png,E102CH134
E108KB750.png,E108KB750
E111EH54.png,E111EH54
E139CC123.png,E139CC123
E142BA96.png,E142BA96
E148KK35.png,E148KK35
E151PY99.png,E151PY99
E161EA67.png,E161EA67
E163EH82.png,E163EH82
E166EP123.png,E166EP123
E168XB21.png,E168XB21
E168YH31.png,E168YH31
E177XT77.png,E177XT77
E183OB54.png,E183OB54
E191TB777.png,E191TB777
E195XY134.png,E195XY134
E199AY17.png,E199AY17
E204BO174.png,E204BO174
E204TT28.png,E204TT28
E206AX199.png,E206AX199
E206AY82.png,E206AY82
E207BE08.png,E207BE08
E209PX53.png,E209PX53
E215PC77.png,E215PC77
E221TO36.png,E221TO36
E225HE21.png,E225HE21
E230CB190.png,E230CB190
E230EH777.png,E230EH777
E232BT761.png,E232BT761
E233EK154.png,E233EK154
E241XA28.png,E241XA28
E244EP196.png,E244EP196
E252EX53.png,E252EX53
E253AC116.png,E253AC116
E263TT123.png,E263TT123
E270BY777.png,E270BY777
E277EX750.png,E277EX750
E277YK40.png,E277YK40
E282PO46.png,E282PO46
E284YX31.png,E284YX31
E287CK161.png,E287CK161
E292AT62.png,E292AT62
E297EP777.png,E297EP777
E299HK125.png,E299HK125
E307HK777.png,E307HK777
E313HP29.png,E313HP29
E316XT198.png,E316XT198
E316YH178.png,E316YH178
E319PE69.png,E319PE69
E328AX76.png,E328AX76
E329KO48.png,E329KO48
E333HE196.png,E333HE196
E333HP38.png,E333HP38
E333PA62.png,E333PA62
E336AK178.png,E336AK178
E343AY797.png,E343AY797
E343BC53.png,E343BC53
E350PB33.png,E350PB33
E353HT750.png,E353HT750
E353TA46.png,E353TA46
E354YB161.png,E354YB161
E355AP193.png,E355AP193
E359PT161.png,E359PT161
E361XX98.png,E361XX98
E363YP54.png,E363YP54
E369KH67.png,E369KH67
E371PO134.png,E371PO134
E373OH161.png,E373OH161
E378BY21.png,E378BY21
E389XX134.png,E389XX134
E397OX29.png,E397OX29
E400CP777.png,E400CP777
E402BA197.png,E402BA197
E402OB159.png,E402OB159
E406KE31.png,E406KE31
E411TT196.png,E411TT196
E413YT134.png,E413YT134
E420KT102.png,E420KT102
E421TE750.png,E421TE750
E422XE134.png,E422XE134
E424XY196.png,E424XY196
E433BA93.png,E433BA93
E434BH82.png,E434BH82
E439PK31.png,E439PK31
E440OB750.png,E440OB750
E442PO750.png,E442PO750
E444EX196.png,E444EX196
E444HH35.png,E444HH35
E444PB35.png,E444PB35
E449TT154.png,E449TT154
E451YK29.png,E451YK29
E457OH750.png,E457OH750
E462OC56.png,E462OC56
E474BO777.png,E474BO777
E479OY28.png,E479OY28
E481HO750.png,E481HO750
E488AK164.png,E488AK164
E493KX98.png,E493KX98
E495AX53.png,E495AX53
E497OE198.png,E497OE198
E499KP198.png,E499KP198
E515TP33.png,E515TP33
E519EO123.png,E519EO123
E521OE799.png,E521OE799
E529KY126.png,E529KY126
E530BB136.png,E530BB136
E538CC35.png,E538CC35
E540EO93.png,E540EO93
E550AP126.png,E550AP126
E555BY102.png,E555BY102
E556HB31.png,E556HB31
E557BK159.png,E557BK159
E557HA134.png,E557HA134
E558CC33.png,E558CC33
E559BX790.png,E559BX790
E562YO198.png,E562YO198
E569OB198.png,E569OB198
E569PH199.png,E569PH199
E570BX78.png,E570BX78
E572BO777.png,E572BO777
E575HY750.png,E575HY750
E584YO134.png,E584YO134
E587KT123.png,E587KT123
E596EO152.png,E596EO152
E600CK69.png,E600CK69
E611XA02.png,E611XA02
E613YK178.png,E613YK178
E616CT178.png,E616CT178
E630YE70.png,E630YE70
E635OO197.png,E635OO197
E639EX70.png,E639EX70
E644BH82.png,E644BH82
E645BY161.png,E645BY161
E646YT134.png,E646YT134
E666CA37.png,E666CA37
E666HE98.png,E666HE98
E666PP123.png,E666PP123
E670AT198.png,E670AT198
E671TY197.png,E671TY197
E673EE102.png,E673EE102
E677XE174.png,E677XE174
E678KB190.png,E678KB190
E680PY33.png,E680PY33
E691EK138.png,E691EK138
E691KB08.png,E691KB08
E691PB21.png,E691PB21
E695KH98.png,E695KH98
E698EB116.png,E698EB116
E699KX29.png,E699KX29
E707EE777.png,E707EE777
E707ET50.png,E707ET50
E709CB196.png,E709CB196
E726AB790.png,E726AB790
E732XT71.png,E732XT71
E752BO134.png,E752BO134
E756XP38.png,E756XP38
E758YK70.png,E758YK70
E759EH60.png,E759EH60
E759OK102.png,E759OK102
E760EK116.png,E760EK116
E760OB134.png,E760OB134
E777OB777.png,E777OB777
E779EP125.png,E779EP125
E780TK64.png,E780TK64
E784HH01.png,E784HH01
E789TB62.png,E789TB62
E789XT161.png,E789XT161
E790AT82.png,E790AT82
E790CK26.png,E790CK26
E800YC196.png,E800YC196
E815KH13.png,E815KH13
E819BO50.png,E819BO50
E821CY82.png,E821CY82
E823XT178.png,E823XT178
E840HC134.png,E840HC134
E842PA54.png,E842PA54
E843XT72.png,E843XT72
E858PO98.png,E858PO98
E862HT67.png,E862HT67
E862KK01.png,E862KK01
E863EA134.png,E863EA134
E864AY716.png,E864AY716
E866EO82.png,E866EO82
E866KA82.png,E866KA82
E880KA177.png,E880KA177
E888CC42.png,E888CC42
E888CK38.png,E888CK38
E889PX198.png,E889PX198
E890KX50.png,E890KX50
E892KT134.png,E892KT134
E900EE30.png,E900EE30
E900YP71.png,E900YP71
E904KP777.png,E904KP777
E914EK14.png,E914EK14
E915KY134.png,E915KY134
E916HC126.png,E916HC126
E918XK38.png,E918XK38
E921AP161.png,E921AP161
E923OC178.png,E923OC178
E929TK777.png,E929TK777
E935HH78.png,E935HH78
E943YO36.png,E943YO36
E947YA38.png,E947YA38
E948KA08.png,E948KA08
E949XT750.png,E949XT750
E950OP71.png,E950OP71
E954AT62.png,E954AT62
E957TC102.png,E957TC102
E962BY82.png,E962BY82
E964AX790.png,E964AX790
E968KY178.png,E968KY178
E971KB60.png,E971KB60
E980EO159.png,E980EO159
E984EO82.png,E984EO82
E985AC797.png,E985AC797
E993XT21.png,E993XT21
E996AC70.png,E996AC70
E996OA70.png,E996OA70
E999YK177.png,E999YK177
H001XE777.png,H001XE777
H002YM28.png,H002YM28
H003MT98.png,H003MT98
H003TO54.png,H003TO54
H005KH142.png,H005KH142
H007XP71.png,H007XP71
H008HH64.png,H008HH64
H009AH23.png,H009AH23
H010AX174.png,H010AX174
H013CY32.png,H013CY32
H017BH196.png,H017BH196
H017CH11.png,H017CH11
H017CY32.png,H017CY32
H020OO75.png,H020OO75
H020TO86.png,H020TO86
H021BK21.png,H021BK21
H024YB163.png,H024YB163
H025BH76.png,H025BH76
H031KP24.png,H031KP24
H033OK32.png,H033OK32
H036HB68.png,H036HB68
H046BK16.png,H046BK16
H047BY125.png,H047BY125
H050CP26.png,H050CP26
H051XX39.png,H051XX39
H056HX29.png,H056HX29
H060HH10.png,H060HH10
H061BO61.png,H061BO61
H062AB174.png,H062AB174
H062KT64.png,H062KT64
H064YP64.png,H064YP64
H065EK750.png,H065EK750
H066CP102.png,H066CP102
H083XT36.png,H083XT36
H086KX58.png,H086KX58
H088EH54.png,H088EH54
H088EY32.png,H088EY32
H090PP177.png,H090PP177
H095HA68.png,H095HA68
H095OP77.png,H095OP77
H097OP799.png,H097OP799
H099TA163.png,H099TA163
H100OT36.png,H100OT36
H101KY60.png,H101KY60
H105YH777.png,H105YH777
H107XT152.png,H107XT152
H111CC11.png,H111CC11
H111HH96.png,H111HH96
H117XC37.png,H117XC37
H120HH39.png,H120HH39
H124HH48.png,H124HH48
H134PK178.png,H134PK178
H134YX34.png,H134YX34
H141TY64.png,H141TY64
H141YO163.png,H141YO163
H153AP777.png,H153AP777
H154AB777.png,H154AB777
H154XM54.png,H154XM54
H158OP37.png,H158OP37
H161HE77.png,H161HE77
H163YX163.png,H163YX163
H165PC32.png,H165PC32
H174AH790.png,H174AH790
H174OT163.png,H174OT163
H175HE67.png,H175HE67
H181CK86.png,H181CK86
H184TA98.png,H184TA98
H188CC46.png,H188CC46
H189KP164.png,H189KP164
H190YP163.png,H190YP163
H195AY761.png,H195AY761
H195KY178.png,H195KY178
H203HH60.png,H203HH60
H205CO48.png,H205CO48
H205KC60.png,H205KC60
H209CY22.png,H209CY22
H212YC64.png,H212YC64
H215OE62.png,H215OE62
H220CH44.png,H220CH44
H222KE777.png,H222KE777
H226PT39.png,H226PT39
H232CX99.png,H232CX99
H234KY14.png,H234KY14
H239YP68.png,H239YP68
H241HH64.png,H241HH64
H243BT142.png,H243BT142
H253CO32.png,H253CO32
H258PP102.png,H258PP102
H261HH52.png,H261HH52
H268OK74.png,H268OK74
H272BT36.png,H272BT36
H273YA40.png,H273YA40
H276HH55.png,H276HH55
H278HH62.png,H278HH62
H278OP174.png,H278OP174
H279CP69.png,H279CP69
H283AE193.png,H283AE193
H283CA72.png,H283CA72
H283KK68.png,H283KK68
H287PK18.png,H287PK18
H288AA52.png,H288AA52
H288KH142.png,H288KH142
H299YE71.png,H299YE71
H300BK152.png,H300BK152
H305TB72.png,H305TB72
H308XT163.png,H308XT163
H310HH36.png,H310HH36
H311TC174.png,H311TC174
H312AX159.png,H312AX159
H316TC63.png,H316TC63
H320YY42.png,H320YY42
H335KO102.png,H335KO102
H338TK93.png,H338TK93
H342BC89.png,H342BC89
H349YT154.png,H349YT154
H352KY55.png,H352KY55
H354KA29.png,H354KA29
H355HB178.png,H355HB178
H355HC27.png,H355HC27
H356HX33.png,H356HX33
H358KK98.png,H358KK98
H362AC65.png,H362AC65
H363EY750.png,H363EY750
H365KB716.png,H365KB716
H370KH25.png,H370KH25
H372AH790.png,H372AH790
H374PP152.png,H374PP152
H384XK98.png,H384XK98
H394EC123.png,H394EC123
H401BT46.png,H401BT46
H401EE154.png,H401EE154
H404HX96.png,H404HX96
H417BA32.png,H417BA32
H417YO178.png,H417YO178
H423KC29.png,H423KC29
H425AA199.png,H425AA199
H425EE32.png,H425EE32
H429OO154.png,H429OO154
H434BX37.png,H434BX37
H434OX197.png,H434OX197
H438EH05.png,H438EH05
H443BH39.png,H443BH39
H444BY39.png,H444BY39
H444EY163.png,H444EY163
H444HX47.png,H444HX47
H444OK68.png,H444OK68
H454AP797.png,H454AP797
H460OA34.png,H460OA34
H472BC50.png,H472BC50
H473OX61.png,H473OX61
H475XK38.png,H475XK38
H478BX32.png,H478BX32
H481OA32.png,H481OA32
H495KX40.png,H495KX40
H500KK190.png,H500KK190
H500KX98.png,H500KX98
H516YB40.png,H516YB40
H517OE40.png,H517OE40
H524BX27.png,H524BX27
H529YB86.png,H529YB86
H541XP123.png,H541XP123
H547YX99.png,H547YX99
H553BY199.png,H553BY199
H555BX50.png,H555BX50
H555OX54.png,H555OX54
H555TA46.png,H555TA46
H559AY196.png,H559AY196
H560BK32.png,H560BK32
H560EA125.png,H560EA125
H568EK116.png,H568EK116
H572XH22.png,H572XH22
H573EO93.png,H573EO93
H577AP197.png,H577AP197
H577YC68.png,H577YC68
H582TA27.png,H582TA27
H587HA61.png,H587HA61
H594XE48.png,H594XE48
H598CT68.png,H598CT68
H598OP77.png,H598OP77
H599AE67.png,H599AE67
H599HP71.png,H599HP71
H600HP197.png,H600HP197
H601BC163.png,H601BC163
H601PO44.png,H601PO44
H601PY32.png,H601PY32
H602CT150.png,H602CT150
H603OE64.png,H603OE64
H607EK90.png,H607EK90
H610CH799.png,H610CH799
H615BA178.png,H615BA178
H619AB797.png,H619AB797
H623TP54.png,H623TP54
H630XY68.png,H630XY68
H635YP68.png,H635YP68
H643OT152.png,H643OT152
H648AB29.png,H648AB29
H651BX19.png,H651BX19
H652BC32.png,H652BC32
H661YP98.png,H661YP98
H662CO37.png,H662CO37
H663CC77.png,H663CC77
H665AK31.png,H665AK31
H666XA150.png,H666XA150
H667OO177.png,H667OO177
H669TH34.png,H669TH34
H670HH52.png,H670HH52
H678AO29.png,H678AO29
H681BM64.png,H681BM64
H684CP32.png,H684CP32
H684OP32.png,H684OP32
H684OX29.png,H684OX29
H687OK52.png,H687OK52
H690OX29.png,H690OX29
H692XO90.png,H692XO90
H694KM161.png,H694KM161
H698AB32.png,H698AB32
H700CT190.png,H700CT190
H700EK96.png,H700EK96
H700TY72.png,H700TY72
H713HP159.png,H713HP159
H725BB125.png,H725BB125
H726OH33.png,H726OH33
H732HB174.png,H732HB174
H739EO174.png,H739EO174
H740OK125.png,H740OK125
H745HE32.png,H745HE32
H748TH32.png,H748TH32
H758PK46.png,H758PK46
H759HH12.png,H759HH12
H766BC178.png,H766BC178
H771CA178.png,H771CA178
H773YY46.png,H773YY46
H777AT52.png,H777AT52
H777CK76.png,H777CK76
H777OB63.png,H777OB63
H777OK69.png,H777OK69
H777OP29.png,H777OP29
H777PH38.png,H777PH38
H777YA71.png,H777YA71
H783YT05.png,H783YT05
H784HX68.png,H784HX68
H785AX98.png,H785AX98
H787KO142.png,H787KO142
H793PB37.png,H793PB37
H796HX32.png,H796HX32
H800EM98.png,H800EM98
H800TB199.png,H800TB199
H800XE152.png,H800XE152
H822XY22.png,H822XY22
H827CT32.png,H827CT32
H828BB750.png,H828BB750
H829XB29.png,H829XB29
H831CX174.png,H831CX174
H848EC154.png,H848EC154
H851KX32.png,H851KX32
H854BB68.png,H854BB68
H859KE51.png,H859KE51
H860KB27.png,H860KB27
H867XY750.png,H867XY750
H868BB02.png,H868BB02
H868BB123.png,H868BB123
H873PA57.png,H873PA57
H885CK32.png,H885CK32
H888AT163.png,H888AT163
H888EA96.png,H888EA96
H888PO37.png,H888PO37
H894XE38.png,H894XE38
H912HA48.png,H912HA48
H913OY31.png,H913OY31
H920AA98.png,H920AA98
H922BT154.png,H922BT154
H924MB11.png,H924MB11
H927BK150.png,H927BK150
H927HX05.png,H927HX05
H930YP63.png,H930YP63
H939AC197.png,H939AC197
H940TX190.png,H940TX190
H944EY48.png,H944EY48
H946YC99.png,H946YC99
H949PY68.png,H949PY68
H954BE37.png,H954BE37
H959ET102.png,H959ET102
H960XK178.png,H960XK178
H976AE32.png,H976AE32
H980PE72.png,H980PE72
H981HH154.png,H981HH154
H982OE68.png,H982OE68
H986PC174.png,H986PC174
H995KX37.png,H995KX37
H999AE36.png,H999AE36
H999EX45.png,H999EX45
H999KX54.png,H999KX54
H999XB77.png,H999XB77
K001EH72.png,K001EH72
K001ET97.png,K001ET97
K001TE150.png,K001TE150
K002AC97.png,K002AC97
K002BB13.png,K002BB13
K003AY197.png,K003AY197
K003KB60.png,K003KB60
K003OO152.png,K003OO152
K003PX46.png,K003PX46
K004HH196.png,K004HH196
K004HK77.png,K004HK77
K005OT70.png,K005OT70
K007AA34.png,K007AA34
K007PA161.png,K007PA161
K008BC35.png,K008BC35
K008KM51.png,K008KM51
K008PE196.png,K008PE196
K009KK97.png,K009KK97
K009YX177.png,K009YX177
K010TT93.png,K010TT93
K011TP77.png,K011TP77
K014HE23.png,K014HE23
K014KX198.png,K014KX198
K017AT134.png,K017AT134
K018BA73.png,K018BA73
K018BK96.png,K018BK96
K025HO21.png,K025HO21
K034HP73.png,K034HP73
K038KK40.png,K038KK40
K044EH29.png,K044EH29
K047TP25.png,K047TP25
K050MM43.png,K050MM43
K054AK48.png,K054AK48
K054BA73.png,K054BA73
K055AX750.png,K055AX750
K055YX31.png,K055YX31
K057OO57.png,K057OO57
K057PB750.png,K057PB750
K067HH35.png,K067HH35
K074AA196.png,K074AA196
K074XH55.png,K074XH55
K075BC32.png,K075BC32
K080AM31.png,K080AM31
K080EC82.png,K080EC82
K080TA31.png,K080TA31
K090BE134.png,K090BE134
K090BH01.png,K090BH01
K093OT93.png,K093OT93
K094HY77.png,K094HY77
K096EX124.png,K096EX124
K101PB32.png,K101PB32
K110PP35.png,K110PP35
K113HK34.png,K113HK34
K121KT54.png,K121KT54
K121XB199.png,K121XB199
K136HH31.png,K136HH31
K150AT134.png,K150AT134
K156KK61.png,K156KK61
K156YH82.png,K156YH82
K161KC193.png,K161KC193
K165KB197.png,K165KB197
K174EB142.png,K174EB142
K175AE790.png,K175AE790
K176OB46.png,K176OB46
K177AK196.png,K177AK196
K177PC77.png,K177PC77
K185KB82.png,K185KB82
K185PX29.png,K185PX29
K188BE178.png,K188BE178
K191OX197.png,K191OX197
K194TA33.png,K194TA33
K196AB32.png,K196AB32
K197TE197.png,K197TE197
K197XA77.png,K197XA77
K200OK123.png,K200OK123
K202EA46.png,K202EA46
K204MX46.png,K204MX46
K210PH178.png,K210PH178
K211PA69.png,K211PA69
K215AX46.png,K215AX46
K222PX64.png,K222PX64
K225BY60.png,K225BY60
K230PX46.png,K230PX46
K233AH763.png,K233AH763
K234XP150.png,K234XP150
K235EC67.png,K235EC67
K240AB777.png,K240AB777
K242CC178.png,K242CC178
K252MP77.png,K252MP77
K252XE196.png,K252XE196
K258XO22.png,K258XO22
K259BC138.png,K259BC138
K267YA43.png,K267YA43
K278EA750.png,K278EA750
K294KH77.png,K294KH77
K295XB777.png,K295XB777
K303YK75.png,K303YK75
K308XY26.png,K308XY26
K309KA186.png,K309KA186
K314AM29.png,K314AM29
K315PY72.png,K315PY72
K317OC32.png,K317OC32
K319BC05.png,K319BC05
K323BK63.png,K323BK63
K324KY750.png,K324KY750
K324OY777.png,K324OY777
K326XP74.png,K326XP74
K333AA196.png,K333AA196
K333OA150.png,K333OA150
K336CT777.png,K336CT777
K346PH799.png,K346PH799
K347HX799.png,K347HX799
K352PX123.png,K352PX123
K354TK64.png,K354TK64
K358EB57.png,K358EB57
K361AM29.png,K361AM29
K368XP161.png,K368XP161
K369KK61.png,K369KK61
K372AH136.png,K372AH136
K373EY35.png,K373EY35
K374AE35.png,K374AE35
K374CY65.png,K374CY65
K375AO82.png,K375AO82
K375XO196.png,K375XO196
K404EK61.png,K404EK61
K405KY71.png,K405KY71
K410KK48.png,K410KK48
K411XX46.png,K411XX46
K417AE797.png,K417AE797
K418BT750.png,K418BT750
K422XO159.png,K422XO159
K423AB134.png,K423AB134
K424CO82.png,K424CO82
K424XC196.png,K424XC196
K424YH82.png,K424YH82
K429KP159.png,K429KP159
K432BT77.png,K432BT77
K433AO29.png,K433AO29
K435PY123.png,K435PY123
K442YT177.png,K442YT177
K443CP36.png,K443CP36
K444EY163.png,K444EY163
K444HX56.png,K444HX56
K444KC35.png,K444KC35
K447AY750.png,K447AY750
K451KY799.png,K451KY799
K451YP46.png,K451YP46
K452YC36.png,K452YC36
K453HK154.png,K453HK154
K454CX46.png,K454CX46
K454PO29.png,K454PO29
K462AX197.png,K462AX197
K463OP46.png,K463OP46
K464EE161.png,K464EE161
K465EO60.png,K465EO60
K468TY31.png,K468TY31
K478MM48.png,K478MM48
K499KE196.png,K499KE196
K500XX54.png,K500XX54
K504AK76.png,K504AK76
K505OH96.png,K505OH96
K508AM29.png,K508AM29
K513KO76.png,K513KO76
K523TX161.png,K523TX161
K525CE71.png,K525CE71
K525KK39.png,K525KK39
K539BB152.png,K539BB152
K547AK178.png,K547AK178
K550BB154.png,K550BB154
K552YE54.png,K552YE54
K559ET46.png,K559ET46
K561AM29.png,K561AM29
K561KK47.png,K561KK47
K564OO54.png,K564OO54
K577OP46.png,K577OP46
K578PT178.png,K578PT178
K580XX90.png,K580XX90
K585HT40.png,K585HT40
K595PP152.png,K595PP152
K600OX199.png,K600OX199
K602YP10.png,K602YP10
K603YY75.png,K603YY75
K604XA197.png,K604XA197
K606OE35.png,K606OE35
K610TH10.png,K610TH10
K613PB198.png,K613PB198
K614HY60.png,K614HY60
K614YB199.png,K614YB199
K621HC96.png,K621HC96
K627BH154.png,K627BH154
K628BE134.png,K628BE134
K628TT33.png,K628TT33
K635CH05.png,K635CH05
K637AO116.png,K637AO116
K637TP159.png,K637TP159
K638KT196.png,K638KT196
K639XC159.png,K639XC159
K646AB99.png,K646AB99
K648XP31.png,K648XP31
K655CC159.png,K655CC159
K658XE46.png,K658XE46
K666XC02.png,K666XC02
K668EY750.png,K668EY750
K671OX02.png,K671OX02
K675YT46.png,K675YT46
K681KT65.png,K681KT65
K682AA152.png,K682AA152
K683EC60.png,K683EC60
K689OC48.png,K689OC48
K693YP90.png,K693YP90
K697KK750.png,K697KK750
K700HY102.png,K700HY102
K700OX46.png,K700OX46
K700YB196.png,K700YB196
K706BP134.png,K706BP134
K707KP58.png,K707KP58
K712TO23.png,K712TO23
K713KO13.png,K713KO13
K713XK174.png,K713XK174
K714EH14.png,K714EH14
K717XH161.png,K717XH161
K720YE68.png,K720YE68
K724PX178.png,K724PX178
K725OM36.png,K725OM36
K728YP777.png,K728YP777
K731XX159.png,K731XX159
K732XM46.png,K732XM46
K734KK39.png,K734KK39
K737CA27.png,K737CA27
K740HC163.png,K740HC163
K740KK32.png,K740KK32
K743CB63.png,K743CB63
K744EX67.png,K744EX67
K745OK28.png,K745OK28
K745PY71.png,K745PY71
K748XX178.png,K748XX178
K751BE197.png,K751BE197
K751OO71.png,K751OO71
K753XT36.png,K753XT36
K756KK39.png,K756KK39
K757KK59.png,K757KK59
K770KY33.png,K770KY33
K772HE196.png,K772HE196
K776KK123.png,K776KK123
K777KK97.png,K777KK97
K777PY54.png,K777PY54
K777XK123.png,K777XK123
K786OO71.png,K786OO71
K789OM46.png,K789OM46
K798HO123.png,K798HO123
K800AY16.png,K800AY16
K800TC05.png,K800TC05
K802TA86.png,K802TA86
K810CK68.png,K810CK68
K812KH799.png,K812KH799
K813PY102.png,K813PY102
K814OT98.png,K814OT98
K816ET97.png,K816ET97
K820KA196.png,K820KA196
K824OH71.png,K824OH71
K841EO36.png,K841EO36
K846TY70.png,K846TY70
K852AB39.png,K852AB39
K852ET82.png,K852ET82
K861YE36.png,K861YE36
K862AO02.png,K862AO02
K865KH62.png,K865KH62
K869PC799.png,K869PC799
K873HC32.png,K873HC32
K876OC174.png,K876OC174
K878PY199.png,K878PY199
K879KK34.png,K879KK34
K888TK178.png,K888TK178
K898YO97.png,K898YO97
K900XY64.png,K900XY64
K906KT51.png,K906KT51
K907EO73.png,K907EO73
K908AO32.png,K908AO32
K915AC799.png,K915AC799
K917BY51.png,K917BY51
K920HE82.png,K920HE82
K925OY05.png,K925OY05
K930EK51.png,K930EK51
K931OP116.png,K931OP116
K942YH102.png,K942YH102
K956BP178.png,K956BP178
K960YX159.png,K960YX159
K961TE196.png,K961TE196
K964YC68.png,K964YC68
K967YH31.png,K967YH31
K968HX799.png,K968HX799
K968XY90.png,K968XY90
K973TO05.png,K973TO05
K977OH161.png,K977OH161
K979TK161.png,K979TK161
K980BE134.png,K980BE134
K994BE134.png,K994BE134
K995CX96.png,K995CX96
K998TB13.png,K998TB13
K999TX150.png,K999TX150
K999XC99.png,K999XC99
M001BM64.png,M001BM64
M002PP02.png,M002PP02
M004YH54.png,M004YH54
M004YK116.png,M004YK116
M009PT34.png,M009PT34
M020PX44.png,M020PX44
M040KY199.png,M040KY199
M057PT78.png,M057PT78
M070BM39.png,M070BM39
M076YA50.png,M076YA50
M078BA197.png,M078BA197
M115AX46.png,M115AX46
M129TO31.png,M129TO31
M151TY116.png,M151TY116
M168XK116.png,M168XK116
M177MM90.png,M177MM90
M184HK31.png,M184HK31
M204OH98.png,M204OH98
M230XY31.png,M230XY31
M236MO31.png,M236MO31
M293YH42.png,M293YH42
M298BY73.png,M298BY73
M305MO39.png,M305MO39
M362AO29.png,M362AO29
M378MM98.png,M378MM98
M421BM73.png,M421BM73
M460PA163.png,M460PA163
M487AM31.png,M487AM31
M494EP177.png,M494EP177
M495MY69.png,M495MY69
M505BK37.png,M505BK37
M520PB37.png,M520PB37
M532AY174.png,M532AY174
M549AM31.png,M549AM31
M555YM23.png,M555YM23
M556XK31.png,M556XK31
M559OK64.png,M559OK64
M566MY98.png,M566MY98
M605HY31.png,M605HY31
M627TM31.png,M627TM31
M648OM98.png,M648OM98
M669AX44.png,M669AX44
M681OO31.png,M681OO31
M729OO31.png,M729OO31
M731YO37.png,M731YO37
M797OY86.png,M797OY86
M800TB47.png,M800TB47
M802XH52.png,M802XH52
M813KK31.png,M813KK31
M818OH56.png,M818OH56
M819KY174.png,M819KY174
M832AM05.png,M832AM05
M851AC197.png,M851AC197
M853HH69.png,M853HH69
M871TH31.png,M871TH31
M881AA31.png,M881AA31
M882MM12.png,M882MM12
M887MM99.png,M887MM99
M888HX02.png,M888HX02
M923MM90.png,M923MM90
M949AP02.png,M949AP02
M985YY102.png,M985YY102
M989XP31.png,M989XP31
M999YH86.png,M999YH86
O001TK178.png,O001TK178
O001TT52.png,O001TT52
O002AA22.png,O002AA22
O002AP77.png,O002AP77
O002KC98.png,O002KC98
O002OO70.png,O002OO70
O002YE750.png,O002YE750
O004PH199.png,O004PH199
O005PB52.png,O005PB52
O005TX152.png,O005TX152
O006XA199.png,O006XA199
O007HA777.png,O007HA777
O007KA68.png,O007KA68
O008TA174.png,O008TA174
O009CB190.png,O009CB190
O010OO123.png,O010OO123
O011KX32.png,O011KX32
O015BB198.png,O015BB198
O015PT33.png,O015PT33
O016KA32.png,O016KA32
O019EK93.png,O019EK93
O020KC98.png,O020KC98
O025HC33.png,O025HC33
O030CE163.png,O030CE163
O030KB62.png,O030KB62
O032OO99.png,O032OO99
O034OO77.png,O034OO77
O035OO36.png,O035OO36
O038OO16.png,O038OO16
O039OO22.png,O039OO22
O040OO186.png,O040OO186
O042OO48.png,O042OO48
O043XP197.png,O043XP197
O052KY90.png,O052KY90
O054TO39.png,O054TO39
O056KA77.png,O056KA77
O061XC96.png,O061XC96
O066ET46.png,O066ET46
O072KP44.png,O072KP44
O072OO178.png,O072OO178
O074TC777.png,O074TC777
O080YE31.png,O080YE31
O083XA77.png,O083XA77
O085OC78.png,O085OC78
O087PA777.png,O087PA777
O089PY54.png,O089PY54
O094CA11.png,O094CA11
O100TX78.png,O100TX78
O106PY777.png,O106PY777
O108CE29.png,O108CE29
O111BP96.png,O111BP96
O111HT54.png,O111HT54
O111OH62.png,O111OH62
O111OO18.png,O111OO18
O114XC36.png,O114XC36
O117YX98.png,O117YX98
O118PC69.png,O118PC69
O119AE40.png,O119AE40
O121ET62.png,O121ET62
O125OO43.png,O125OO43
O126MP77.png,O126MP77
O128CA178.png,O128CA178
O133EC799.png,O133EC799
O137YX77.png,O137YX77
O140KE60.png,O140KE60
O141BP76.png,O141BP76
O142KE777.png,O142KE777
O148BK777.png,O148BK777
O155AY777.png,O155AY777
O160AB123.png,O160AB123
O160EY125.png,O160EY125
O166HO63.png,O166HO63
O168CP69.png,O168CP69
O168KT777.png,O168KT777
O171YH64.png,O171YH64
O176BY50.png,O176BY50
O180KA44.png,O180KA44
O194AX97.png,O194AX97
O197BA39.png,O197BA39
O200EK67.png,O200EK67
O200OY177.png,O200OY177
O208EH72.png,O208EH72
O211BY60.png,O211BY60
O211KK40.png,O211KK40
O212OM78.png,O212OM78
O213TE161.png,O213TE161
O216OC44.png,O216OC44
O217HA71.png,O217HA71
O218CC78.png,O218CC78
O220OH98.png,O220OH98
O222PM64.png,O222PM64
O227HX39.png,O227HX39
O227OO67.png,O227OO67
O227YT174.png,O227YT174
O228OO123.png,O228OO123
O244EP47.png,O244EP47
O249EK60.png,O249EK60
O253PB40.png,O253PB40
O255PP18.png,O255PP18
O256HA777.png,O256HA777
O259OX777.png,O259OX777
O260KE58.png,O260KE58
O260OO74.png,O260OO74
O262KE174.png,O262KE174
O264AP50.png,O264AP50
O269OP11.png,O269OP11
O273YP11.png,O273YP11
O279BO11.png,O279BO11
O285HH48.png,O285HH48
O285MO174.png,O285MO174
O286OO43.png,O286OO43
O300AE198.png,O300AE198
O301PE750.png,O301PE750
O302TT36.png,O302TT36
O309KA60.png,O309KA60
O312YP197.png,O312YP197
O317AH102.png,O317AH102
O326PH69.png,O326PH69
O333AC62.png,O333AC62
O333BA22.png,O333BA22
O333BH14.png,O333BH14
O333OB199.png,O333OB199
O333TY54.png,O333TY54
O336CT47.png,O336CT47
O336CY178.png,O336CY178
O336HC05.png,O336HC05
O344HT98.png,O344HT98
O345XO190.png,O345XO190
O350YE197.png,O350YE197
O352AB44.png,O352AB44
O353YT72.png,O353YT72
O359EY138.png,O359EY138
O361OO190.png,O361OO190
O365CH199.png,O365CH199
O373BC34.png,O373BC34
O373PT77.png,O373PT77
O373XA161.png,O373XA161
O382AH60.png,O382AH60
O392OO22.png,O392OO22
O396YA178.png,O396YA178
O401CB58.png,O401CB58
O406OE799.png,O406OE799
O412OO177.png,O412OO177
O415PP33.png,O415PP33
O420ET198.png,O420ET198
O421PO35.png,O421PO35
O427HE40.png,O427HE40
O430CC77.png,O430CC77
O433XB55.png,O433XB55
O442AA142.png,O442AA142
O444OO43.png,O444OO43
O444TP40.png,O444TP40
O445CC178.png,O445CC178
O448OO46.png,O448OO46
O453OC56.png,O453OC56
O454OB39.png,O454OB39
O455XC178.png,O455XC178
O455XM24.png,O455XM24
O457OO97.png,O457OO97
O466XP96.png,O466XP96
O468KA750.png,O468KA750
O473OO56.png,O473OO56
O475CE799.png,O475CE799
O477KT47.png,O477KT47
O481XA77.png,O481XA77
O482BP46.png,O482BP46
O484BO198.png,O484BO198
O485BO198.png,O485BO198
O494XE86.png,O494XE86
O500BK64.png,O500BK64
O500HO70.png,O500HO70
O505KB67.png,O505KB67
O507BB64.png,O507BB64
O518CO54.png,O518CO54
O521EO142.png,O521EO142
O522OK22.png,O522OK22
O536OO43.png,O536OO43
O550OO90.png,O550OO90
O552BY102.png,O552BY102
O554HX190.png,O554HX190
O556OO177.png,O556OO177
O559XY174.png,O559XY174
O562OK48.png,O562OK48
O563AA198.png,O563AA198
O564AE25.png,O564AE25
O575CA98.png,O575CA98
O576BA150.png,O576BA150
O578AX98.png,O578AX98
O578HH96.png,O578HH96
O595HA62.png,O595HA62
O601EC777.png,O601EC777
O611XP39.png,O611XP39
O612KO178.png,O612KO178
O615KX44.png,O615KX44
O616OO62.png,O616OO62
O622OO98.png,O622OO98
O641BP31.png,O641BP31
O642EX68.png,O642EX68
O643OO77.png,O643OO77
O646EC198.png,O646EC198
O648KX799.png,O648KX799
O649EH102.png,O649EH102
O652AX799.png,O652AX799
O656EC44.png,O656EC44
O658AA11.png,O658AA11
O670KT67.png,O670KT67
O685AY797.png,O685AY797
O685OH69.png,O685OH69
O686OO98.png,O686OO98
O688PP39.png,O688PP39
O691TE93.png,O691TE93
O693AY750.png,O693AY750
O693KT97.png,O693KT97
O697KX30.png,O697KX30
O703KH14.png,O703KH14
O722OE22.png,O722OE22
O728AO136.png,O728AO136
O733CB177.png,O733CB177
O737EO05.png,O737EO05
O747BY78.png,O747BY78
O747KO30.png,O747KO30
O752KK54.png,O752KK54
O758EO73.png,O758EO73
O762YH98.png,O762YH98
O763BP125.png,O763BP125
O768HC05.png,O768HC05
O772HK40.png,O772HK40
O775OO47.png,O775OO47
O777EE16.png,O777EE16
O777TY58.png,O777TY58
O777YP55.png,O777YP55
O777YT39.png,O777YT39
O785EY19.png,O785EY19
O788CH178.png,O788CH178
O789HY77.png,O789HY77
O793EC50.png,O793EC50
O797EO197.png,O797EO197
O800AE37.png,O800AE37
O802OA163.png,O802OA163
O808BE64.png,O808BE64
O810EH178.png,O810EH178
O815BT30.png,O815BT30
O823PY54.png,O823PY54
O823YE190.png,O823YE190
O827AT40.png,O827AT40
O828HP123.png,O828HP123
O831MP54.png,O831MP54
O835CA98.png,O835CA98
O837OX777.png,O837OX777
O843XM74.png,O843XM74
O845KT68.png,O845KT68
O856OT69.png,O856OT69
O874AE32.png,O874AE32
O875OX777.png,O875OX777
O880AH193.png,O880AH193
O887KC64.png,O887KC64
O888OT64.png,O888OT64
O888PP86.png,O888PP86
O888TT152.png,O888TT152
O892KA39.png,O892KA39
O900ET14.png,O900ET14
O900OB154.png,O900OB154
O917YO77.png,O917YO77
O928AY98.png,O928AY98
O929KX57.png,O929KX57
O929XT174.png,O929XT174
O932EO777.png,O932EO777
O938OA98.png,O938OA98
O941KB174.png,O941KB174
O947HE66.png,O947HE66
O954AA40.png,O954AA40
O954EK14.png,O954EK14
O979AB64.png,O979AB64
O980OO177.png,O980OO177
O988OO74.png,O988OO74
O991EE51.png,O991EE51
O992YM98.png,O992YM98
O999CT86.png,O999CT86
O999KA99.png,O999KA99
O999OO23.png,O999OO23
O999YP99.png,O999YP99
P003PO750.png,P003PO750
P005ET59.png,P005ET59
P007OK33.png,P007OK33
P008EC63.png,P008EC63
P008HH197.png,P008HH197
P008OB77.png,P008OB77
P009TY54.png,P009TY54
P013HE96.png,P013HE96
P017HT33.png,P017HT33
P020OX116.png,P020OX116
P021PY777.png,P021PY777
P035YT26.png,P035YT26
P043EB750.png,P043EB750
P050XC97.png,P050XC97
P055BE161.png,P055BE161
P059OE43.png,P059OE43
P059XP123.png,P059XP123
P090CT72.png,P090CT72
P091EK799.png,P091EK799
P092KX777.png,P092KX777
P097XY97.png,P097XY97
P098PA33.png,P098PA33
P105AH98.png,P105AH98
P111BP36.png,P111BP36
P111CX35.png,P111CX35
P111KH64.png,P111KH64
P111OH98.png,P111OH98
P115TX123.png,P115TX123
P117TX47.png,P117TX47
P126PK152.png,P126PK152
P130YX777.png,P130YX777
P132PP29.png,P132PP29
P137PT22.png,P137PT22
P140BY51.png,P140BY51
P142CY199.png,P142CY199
P142PY161.png,P142PY161
P142TB178.png,P142TB178
P147CB69.png,P147CB69
P152YC54.png,P152YC54
P161EH34.png,P161EH34
P164PP125.png,P164PP125
P166AC16.png,P166AC16
P172KC72.png,P172KC72
P173BX30.png,P173BX30
P174BO142.png,P174BO142
P186EC27.png,P186EC27
P187BT152.png,P187BT152
P189EP777.png,P189EP777
P197BE197.png,P197BE197
P198XA71.png,P198XA71
P198YT64.png,P198YT64
P202XE56.png,P202XE56
P214EH96.png,P214EH96
P219PP197.png,P219PP197
P220AX78.png,P220AX78
P222BE178.png,P222BE178
P222OP199.png,P222OP199
P222YE76.png,P222YE76
P225KC14.png,P225KC14
P227OB799.png,P227OB799
P232BP76.png,P232BP76
P250AP761.png,P250AP761
P252PK178.png,P252PK178
P263BH36.png,P263BH36
P269BT58.png,P269BT58
P269TB31.png,P269TB31
P278BO136.png,P278BO136
P280OY69.png,P280OY69
P283TK47.png,P283TK47
P300BB97.png,P300BB97
P308YX36.png,P308YX36
P329CH163.png,P329CH163
P329OH199.png,P329OH199
P329PP98.png,P329PP98
P329XY177.png,P329XY177
P330CP178.png,P330CP178
P333YC59.png,P333YC59
P337XX98.png,P337XX98
P340KC72.png,P340KC72
P344OY16.png,P344OY16
P353PA178.png,P353PA178
P374AT142.png,P374AT142
P377PO163.png,P377PO163
P382OB77.png,P382OB77
P383OB161.png,P383OB161
P390PO39.png,P390PO39
P404KT199.png,P404KT199
P404PK799.png,P404PK799
P440AY190.png,P440AY190
P444EK54.png,P444EK54
P446EH34.png,P446EH34
P452XH199.png,P452XH199
P464KX56.png,P464KX56
P469HH161.png,P469HH161
P475HH750.png,P475HH750
P484KX71.png,P484KX71
P488AY123.png,P488AY123
P488XO123.png,P488XO123
P489CX197.png,P489CX197
P491BH96.png,P491BH96
P500CY39.png,P500CY39
P500HP58.png,P500HP58
P500KP199.png,P500KP199
P501CE34.png,P501CE34
P506CE34.png,P506CE34
P516CP35.png,P516CP35
P528CT33.png,P528CT33
P551XY161.png,P551XY161
P552BH96.png,P552BH96
P555AC197.png,P555AC197
P559CK99.png,P559CK99
P564EO799.png,P564EO799
P570KO69.png,P570KO69
P581BP76.png,P581BP76
P608KC14.png,P608KC14
P609XC178.png,P609XC178
P610AE16.png,P610AE16
P623KA14.png,P623KA14
P630HT93.png,P630HT93
P631EE125.png,P631EE125
P636OX174.png,P636OX174
P640XC123.png,P640XC123
P645XO152.png,P645XO152
P646BC27.png,P646BC27
P648TX178.png,P648TX178
P649BH34.png,P649BH34
P655EA124.png,P655EA124
P656PP56.png,P656PP56
P658EM34.png,P658EM34
P662AO797.png,P662AO797
P662CE31.png,P662CE31
P666PO98.png,P666PO98
P678AE750.png,P678AE750
P683AK39.png,P683AK39
P683BE76.png,P683BE76
P709AH31.png,P709AH31
P710TT71.png,P710TT71
P712CC71.png,P712CC71
P723KX57.png,P723KX57
P723PT177.png,P723PT177
P737XP77.png,P737XP77
P745EH799.png,P745EH799
P772AY59.png,P772AY59
P775OK163.png,P775OK163
P784KA02.png,P784KA02
P786CT750.png,P786CT750
P788OA78.png,P788OA78
P800AK150.png,P800AK150
P804AX152.png,P804AX152
P808HB116.png,P808HB116
P825CH71.png,P825CH71
P833OT777.png,P833OT777
P835AP136.png,P835AP136
P846CH152.png,P846CH152
P846TH161.png,P846TH161
P849XT54.png,P849XT54
P851EC64.png,P851EC64
P864HH64.png,P864HH64
P876KP199.png,P876KP199
P885KK174.png,P885KK174
P885PO199.png,P885PO199
P885PP77.png,P885PP77
P888HC69.png,P888HC69
P889HE39.png,P889HE39
P894EP152.png,P894EP152
P895HE96.png,P895HE96
P900OH177.png,P900OH177
P916CK71.png,P916CK71
P918HB34.png,P918HB34
P920EO47.png,P920EO47
P924HC11.png,P924HC11
P929OE174.png,P929OE174
P930HP161.png,P930HP161
P938TY54.png,P938TY54
P949AC25.png,P949AC25
P949CC71.png,P949CC71
P949EO89.png,P949EO89
P951PP64.png,P951PP64
P954PY190.png,P954PY190
P958KC799.png,P958KC799
P960BB750.png,P960BB750
P963PK62.png,P963PK62
P964HK178.png,P964HK178
P980AO31.png,P980AO31
P986EH777.png,P986EH777
P991BK69.png,P991BK69
P998AO70.png,P998AO70
P999YT57.png,P999YT57
T003BX21.png,T003BX21
T004XA199.png,T004XA199
T006XH750.png,T006XH750
T007BC199.png,T007BC199
T008YT54.png,T008YT54
T009KB56.png,T009KB56
T009TC150.png,T009TC150
T009TC97.png,T009TC97
T011TK47.png,T011TK47
T012AE62.png,T012AE62
T012EC161.png,T012EC161
T014XE22.png,T014XE22
T015PH77.png,T015PH77
T018YE71.png,T018YE71
T022OA102.png,T022OA102
T030TB54.png,T030TB54
T034YH76.png,T034YH76
T037XE174.png,T037XE174
T040AT04.png,T040AT04
T044OT799.png,T044OT799
T046TT52.png,T046TT52
T058KA799.png,T058KA799
T063AA35.png,T063AA35
T065ET60.png,T065ET60
T067CK71.png,T067CK71
T077AK61.png,T077AK61
T077EE56.png,T077EE56
T090PA150.png,T090PA150
T111CK77.png,T111CK77
T111HK750.png,T111HK750
T111TT12.png,T111TT12
T119CY38.png,T119CY38
T124TH36.png,T124TH36
T128YP52.png,T128YP52
T130XT777.png,T130XT777
T132BC178.png,T132BC178
T135OA33.png,T135OA33
T145KO125.png,T145KO125
T149BP31.png,T149BP31
T150CE31.png,T150CE31
T155HB30.png,T155HB30
T167HK799.png,T167HK799
T175XT71.png,T175XT71
T176XK750.png,T176XK750
T181OB32.png,T181OB32
T182KE142.png,T182KE142
T184CY62.png,T184CY62
T201YK123.png,T201YK123
T202YP199.png,T202YP199
T216YX777.png,T216YX777
T221EB138.png,T221EB138
T222AH12.png,T222AH12
T229AT12.png,T229AT12
T229XX71.png,T229XX71
T246EC174.png,T246EC174
T246OM76.png,T246OM76
T249OE125.png,T249OE125
T258EH57.png,T258EH57
T281OX35.png,T281OX35
T288PT69.png,T288PT69
T289XC77.png,T289XC77
T313HY178.png,T313HY178
T327XC55.png,T327XC55
T333KA77.png,T333KA77
T333PX02.png,T333PX02
T334BK750.png,T334BK750
T335HY33.png,T335HY33
T337TO197.png,T337TO197
T346XP71.png,T346XP71
T349KC67.png,T349KC67
T354YE750.png,T354YE750
T357XC72.png,T357XC72
T374OB32.png,T374OB32
T380YK72.png,T380YK72
T382TB35.png,T382TB35
T387XT55.png,T387XT55
T400KP16.png,T400KP16
T401AT96.png,T401AT96
T411XT36.png,T411XT36
T417AA136.png,T417AA136
T422YK197.png,T422YK197
T431OA35.png,T431OA35
T441XP71.png,T441XP71
T446KA33.png,T446KA33
T468TY96.png,T468TY96
T472YH161.png,T472YH161
T477XC52.png,T477XC52
T484TX71.png,T484TX71
T485AA96.png,T485AA96
T488EC22.png,T488EC22
T493EY31.png,T493EY31
T498YK777.png,T498YK777
T499CY174.png,T499CY174
T510KY99.png,T510KY99
T514EP799.png,T514EP799
T517OO43.png,T517OO43
T522TT39.png,T522TT39
T539AY799.png,T539AY799
T555KX69.png,T555KX69
T564TT24.png,T564TT24
T575CX36.png,T575CX36
T575EB71.png,T575EB71
T584AB197.png,T584AB197
T593TT64.png,T593TT64
T597TP56.png,T597TP56
T599OK750.png,T599OK750
T600TT77.png,T600TT77
T604KO76.png,T604KO76
T610AC186.png,T610AC186
T617KA14.png,T617KA14
T619HO116.png,T619HO116
T619PH64.png,T619PH64
T621PY22.png,T621PY22
T626XP71.png,T626XP71
T634BA71.png,T634BA71
T634OY750.png,T634OY750
T635PY33.png,T635PY33
T642YO777.png,T642YO777
T662XK74.png,T662XK74
T663CC42.png,T663CC42
T666AT142.png,T666AT142
T667OA125.png,T667OA125
T675AC22.png,T675AC22
T680CT57.png,T680CT57
T682AB98.png,T682AB98
T684TY96.png,T684TY96
T689AP197.png,T689AP197
T696XA77.png,T696XA77
T721YE71.png,T721YE71
T723BY47.png,T723BY47
T728PK33.png,T728PK33
T736PO47.png,T736PO47
T741YT96.png,T741YT96
T747YT26.png,T747YT26
T755CE77.png,T755CE77
T760HY799.png,T760HY799
T763BP142.png,T763BP142
T770HT71.png,T770HT71
T788BH799.png,T788BH799
T790YX35.png,T790YX35
T791YO71.png,T791YO71
T806YO98.png,T806YO98
T817YT777.png,T817YT777
T833EC57.png,T833EC57
T835AK59.png,T835AK59
T841TT59.png,T841TT59
T854KX45.png,T854KX45
T864KP777.png,T864KP777
T872CC97.png,T872CC97
T874TC35.png,T874TC35
T877XA750.png,T877XA750
T881YA71.png,T881YA71
T885HX77.png,T885HX77
T888CB178.png,T888CB178
T888EX72.png,T888EX72
T888HA197.png,T888HA197
T888KP116.png,T888KP116
T888OH61.png,T888OH61
T888TT70.png,T888TT70
T889AX26.png,T889AX26
T889XT64.png,T889XT64
T896PH98.png,T896PH98
T901EK96.png,T901EK96
T903OE54.png,T903OE54
T908XH116.png,T908XH116
T913AC797.png,T913AC797
T929PH55.png,T929PH55
T935XC150.png,T935XC150
T940EA21.png,T940EA21
T944EC71.png,T944EC71
T949HK64.png,T949HK64
T954AX71.png,T954AX71
T955BB45.png,T955BB45
T960XX24.png,T960XX24
T962PP777.png,T962PP777
T970OK199.png,T970OK199
T970OT69.png,T970OT69
T970XO123.png,T970XO123
T980CA161.png,T980CA161
T981YA71.png,T981YA71
T983BH178.png,T983BH178
T992TC90.png,T992TC90
T998BB35.png,T998BB35
T999TO78.png,T999TO78
T999YX93.png,T999YX93
X001TH23.png,X001TH23
X003PY199.png,X003PY199
X003XO52.png,X003XO52
X004TH93.png,X004TH93
X004YH42.png,X004YH42
X005AP64.png,X005AP64
X005YC197.png,X005YC197
X008XY52.png,X008XY52
X009XX72.png,X009XX72
X010OP96.png,X010OP96
X013XE152.png,X013XE152
X015AB98.png,X015AB98
X019CX90.png,X019CX90
X020CB96.png,X020CB96
X024KH163.png,X024KH163
X026PO102.png,X026PO102
X035KY96.png,X035KY96
X036KX64.png,X036KX64
X040KT174.png,X040KT174
X041XA161.png,X041XA161
X049HE56.png,X049HE56
X050TP52.png,X050TP52
X052CY98.png,X052CY98
X055HO69.png,X055HO69
X061XX99.png,X061XX99
X062KA64.png,X062KA64
X065AB799.png,X065AB799
X065YB77.png,X065YB77
X070XX23.png,X070XX23
X073YA163.png,X073YA163
X081BX52.png,X081BX52
X090MP174.png,X090MP174
X097XX97.png,X097XX97
X100PE56.png,X100PE56
X102HE178.png,X102HE178
X110KE777.png,X110KE777
X111EO30.png,X111EO30
X113CX56.png,X113CX56
X116HY799.png,X116HY799
X125KX14.png,X125KX14
X138CK174.png,X138CK174
X138YX177.png,X138YX177
X139BX96.png,X139BX96
X139HK199.png,X139HK199
X144CC66.png,X144CC66
X150OE174.png,X150OE174
X156AC47.png,X156AC47
X170OH750.png,X170OH750
X185AC136.png,X185AC136
X188KP190.png,X188KP190
X191XX71.png,X191XX71
X192HC125.png,X192HC125
X192PY98.png,X192PY98
X193BH197.png,X193BH197
X194AT59.png,X194AT59
X199CT96.png,X199CT96
X199XC64.png,X199XC64
X209YP123.png,X209YP123
X211HK67.png,X211HK67
X212BB777.png,X212BB777
X221XX98.png,X221XX98
X222BY96.png,X222BY96
X244HE98.png,X244HE98
X244YH26.png,X244YH26
X252XK52.png,X252XK52
X252XX11.png,X252XX11
X261BX64.png,X261BX64
X262KC98.png,X262KC98
X263PP54.png,X263PP54
X280CO750.png,X280CO750
X286OP799.png,X286OP799
X292KK14.png,X292KK14
X292XX56.png,X292XX56
X293PM34.png,X293PM34
X296TC177.png,X296TC177
X297YY178.png,X297YY178
X300TP199.png,X300TP199
X303PK02.png,X303PK02
X307AB57.png,X307AB57
X316TK98.png,X316TK98
X321HP52.png,X321HP52
X334AH64.png,X334AH64
X336XX26.png,X336XX26
X343XX190.png,X343XX190
X346OX98.png,X346OX98
X350PE42.png,X350PE42
X359KT16.png,X359KT16
X365PC178.png,X365PC178
X371YT54.png,X371YT54
X375KY38.png,X375KY38
X385OY777.png,X385OY777
X385YY42.png,X385YY42
X388XK25.png,X388XK25
X399OO123.png,X399OO123
X403KO142.png,X403KO142
X405AH125.png,X405AH125
X405KO142.png,X405KO142
X412BC750.png,X412BC750
X413AX96.png,X413AX96
X413BP89.png,X413BP89
X421AA04.png,X421AA04
X422CT163.png,X422CT163
X435OY190.png,X435OY190
X443CP163.png,X443CP163
X446YE27.png,X446YE27
X465EP125.png,X465EP125
X466OO99.png,X466OO99
X470AK774.png,X470AK774
X471AK96.png,X471AK96
X471PP64.png,X471PP64
X475TX177.png,X475TX177
X477CB96.png,X477CB96
X491XY750.png,X491XY750
X495BT199.png,X495BT199
X496TK96.png,X496TK96
X498OB33.png,X498OB33
X498YB125.png,X498YB125
X502HC125.png,X502HC125
X502PP62.png,X502PP62
X508HA199.png,X508HA199
X518XX61.png,X518XX61
X544CX38.png,X544CX38
X545XB77.png,X545XB77
X555PC54.png,X555PC54
X555XE76.png,X555XE76
X571OK89.png,X571OK89
X571XE152.png,X571XE152
X579HH67.png,X579HH67
X581OT777.png,X581OT777
X598YO93.png,X598YO93
X600TX96.png,X600TX96
X601HK64.png,X601HK64
X601OC33.png,X601OC33
X602CH47.png,X602CH47
X606BO36.png,X606BO36
X606XX78.png,X606XX78
X611BA190.png,X611BA190
X617EY750.png,X617EY750
X619EY14.png,X619EY14
X626XX47.png,X626XX47
X630EY14.png,X630EY14
X651PE799.png,X651PE799
X662OH163.png,X662OH163
X666BH47.png,X666BH47
X670AT54.png,X670AT54
X699OE125.png,X699OE125
X711CK63.png,X711CK63
X713XK54.png,X713XK54
X723YA52.png,X723YA52
X733KB78.png,X733KB78
X738OA178.png,X738OA178
X741BO37.png,X741BO37
X742XX99.png,X742XX99
X745TX54.png,X745TX54
X746YO64.png,X746YO64
X753AT174.png,X753AT174
X761EY178.png,X761EY178
X765OT750.png,X765OT750
X769KX45.png,X769KX45
X772XX71.png,X772XX71
X776PK799.png,X776PK799
X777TT99.png,X777TT99
X783XX55.png,X783XX55
X791XX46.png,X791XX46
X797CT177.png,X797CT177
X803EB123.png,X803EB123
X816TA95.png,X816TA95
X819EM51.png,X819EM51
X820CX99.png,X820CX99
X825OA799.png,X825OA799
X828PK116.png,X828PK116
X829OH52.png,X829OH52
X833HB61.png,X833HB61
X848KH03.png,X848KH03
X862TB174.png,X862TB174
X864AH178.png,X864AH178
X884OE86.png,X884OE86
X888CB62.png,X888CB62
X893PC22.png,X893PC22
X900OK52.png,X900OK52
X909PO69.png,X909PO69
X910MT74.png,X910MT74
X911XB777.png,X911XB777
X916PB799.png,X916PB799
X939YH52.png,X939YH52
X940HK102.png,X940HK102
X946HP64.png,X946HP64
X947TB174.png,X947TB174
X949YB47.png,X949YB47
X954HH33.png,X954HH33
X960TB174.png,X960TB174
X969XX35.png,X969XX35
X979PT93.png,X979PT93
X986XX56.png,X986XX56
X989BC102.png,X989BC102
X994PP62.png,X994PP62
X998AX98.png,X998AX98
X999EA178.png,X999EA178
Y001HB61.png,Y001HB61
Y001KT77.png,Y001KT77
Y003TY98.png,Y003TY98
Y004KA52.png,Y004KA52
Y005PB77.png,Y005PB77
Y008AT34.png,Y008AT34
Y009YY59.png,Y009YY59
Y010XO777.png,Y010XO777
Y013YY26.png,Y013YY26
Y022EK47.png,Y022EK47
Y024XE190.png,Y024XE190
Y024YY190.png,Y024YY190
Y025CK102.png,Y025CK102
Y025YA36.png,Y025YA36
Y039BA761.png,Y039BA761
Y042OB799.png,Y042OB799
Y049HX33.png,Y049HX33
Y049KC197.png,Y049KC197
Y051EO54.png,Y051EO54
Y055EB71.png,Y055EB71
Y055KY777.png,Y055KY777
Y062EB61.png,Y062EB61
Y070HY52.png,Y070HY52
Y076YO163.png,Y076YO163
Y080CB178.png,Y080CB178
Y090AB34.png,Y090AB34
Y093ET26.png,Y093ET26
Y100EE57.png,Y100EE57
Y101CA77.png,Y101CA77
Y106BA799.png,Y106BA799
Y109AA71.png,Y109AA71
Y109AK774.png,Y109AK774
Y111EE67.png,Y111EE67
Y114YY90.png,Y114YY90
Y123HK62.png,Y123HK62
Y123KK19.png,Y123KK19
Y141MP69.png,Y141MP69
Y145AA44.png,Y145AA44
Y161EC71.png,Y161EC71
Y167CY197.png,Y167CY197
Y174XP34.png,Y174XP34
Y183PX777.png,Y183PX777
Y191HH161.png,Y191HH161
Y198AA47.png,Y198AA47
Y199PX86.png,Y199PX86
Y203PC38.png,Y203PC38
Y205BA790.png,Y205BA790
Y206XB174.png,Y206XB174
Y212YY93.png,Y212YY93
Y213BH197.png,Y213BH197
Y219YY190.png,Y219YY190
Y236KC190.png,Y236KC190
Y238OH77.png,Y238OH77
Y238YA16.png,Y238YA16
Y241CC98.png,Y241CC98
Y246BE197.png,Y246BE197
Y248TT190.png,Y248TT190
Y249TA34.png,Y249TA34
Y266AB750.png,Y266AB750
Y267YC47.png,Y267YC47
Y273CH178.png,Y273CH178
Y283AC33.png,Y283AC33
Y285OY799.png,Y285OY799
Y286XK178.png,Y286XK178
Y300XY197.png,Y300XY197
Y301KX799.png,Y301KX799
Y306BC50.png,Y306BC50
Y307KB55.png,Y307KB55
Y316MM18.png,Y316MM18
Y318PO199.png,Y318PO199
Y326HB197.png,Y326HB197
Y327YT123.png,Y327YT123
Y330YY36.png,Y330YY36
Y332TE197.png,Y332TE197
Y333HO197.png,Y333HO197
Y333OT93.png,Y333OT93
Y333OY47.png,Y333OY47
Y334EC47.png,Y334EC47
Y335XH54.png,Y335XH54
Y336BO71.png,Y336BO71
Y345PK47.png,Y345PK47
Y347AC04.png,Y347AC04
Y351KP799.png,Y351KP799
Y375HE55.png,Y375HE55
Y384TB98.png,Y384TB98
Y389BY14.png,Y389BY14
Y393EK178.png,Y393EK178
Y394EA71.png,Y394EA71
Y401YY38.png,Y401YY38
Y403BH14.png,Y403BH14
Y404HC178.png,Y404HC178
Y408XO161.png,Y408XO161
Y409EK178.png,Y409EK178
Y409HB777.png,Y409HB777
Y414PA69.png,Y414PA69
Y423OP54.png,Y423OP54
Y425EB138.png,Y425EB138
Y433KY14.png,Y433KY14
Y434YK777.png,Y434YK777
Y439PY64.png,Y439PY64
Y444HB33.png,Y444HB33
Y444YY150.png,Y444YY150
Y458XC102.png,Y458XC102
Y470KX197.png,Y470KX197
Y473KB178.png,Y473KB178
Y476TY57.png,Y476TY57
Y478OX102.png,Y478OX102
Y487YK116.png,Y487YK116
Y494BT12.png,Y494BT12
Y495EA102.png,Y495EA102
Y499KO14.png,Y499KO14
Y500BO35.png,Y500BO35
Y510CA197.png,Y510CA197
Y539BH26.png,Y539BH26
Y542PK52.png,Y542PK52
Y544XE123.png,Y544XE123
Y553BP78.png,Y553BP78
Y554BT174.png,Y554BT174
Y566TP116.png,Y566TP116
Y578CT96.png,Y578CT96
Y580AM54.png,Y580AM54
Y582XB174.png,Y582XB174
Y584PP86.png,Y584PP86
Y599AX96.png,Y599AX96
Y617CX90.png,Y617CX90
Y622XE174.png,Y622XE174
Y628AT136.png,Y628AT136
Y628MM102.png,Y628MM102
Y641YO178.png,Y641YO178
Y652TH54.png,Y652TH54
Y662XH54.png,Y662XH54
Y666OA197.png,Y666OA197
Y666XH178.png,Y666XH178
Y667PA36.png,Y667PA36
Y691XB197.png,Y691XB197
Y696CY77.png,Y696CY77
Y696XO750.png,Y696XO750
Y701BE799.png,Y701BE799
Y709AH71.png,Y709AH71
Y720XT54.png,Y720XT54
Y725OX54.png,Y725OX54
Y727XP64.png,Y727XP64
Y760YP174.png,Y760YP174
Y762YE163.png,Y762YE163
Y763OP161.png,Y763OP161
Y766HY62.png,Y766HY62
Y768AH47.png,Y768AH47
Y768HC47.png,Y768HC47
Y788KT03.png,Y788KT03
Y816YE174.png,Y816YE174
Y818OX799.png,Y818OX799
Y827YX178.png,Y827YX178
Y828PO123.png,Y828PO123
Y829BK89.png,Y829BK89
Y843AC761.png,Y843AC761
Y845TC150.png,Y845TC150
Y848YT56.png,Y848YT56
Y853KA26.png,Y853KA26
Y855YY154.png,Y855YY154
Y861YY38.png,Y861YY38
Y866XX102.png,Y866XX102
Y868BK197.png,Y868BK197
Y875YY77.png,Y875YY77
Y877PA178.png,Y877PA178
Y882TA90.png,Y882TA90
Y883AC55.png,Y883AC55
Y897OB54.png,Y897OB54
Y900XH78.png,Y900XH78
Y905BP138.png,Y905BP138
Y908BM45.png,Y908BM45
Y909OX22.png,Y909OX22
Y914OH86.png,Y914OH86
Y920EK47.png,Y920EK47
Y924AK44.png,Y924AK44
Y936AT90.png,Y936AT90
Y936EC52.png,Y936EC52
Y943OH76.png,Y943OH76
Y963CY86.png,Y963CY86
Y964HX98.png,Y964HX98
Y964XB777.png,Y964XB777
Y966AK50.png,Y966AK50
Y970PA01.png,Y970PA01
Y974OH69.png,Y974OH69
Y982PO33.png,Y982PO33
Y984KA178.png,Y984KA178
Y986PB54.png,Y986PB54
Y992KX102.png,Y992KX102
Y998OH54.png,Y998OH54
Y998PP777.png,Y998PP777
